-- phpMyAdmin SQL Dump
-- version 4.6.6
-- https://www.phpmyadmin.net/
--
-- Servidor: localhost
-- Tiempo de generación: 24-07-2018 a las 17:59:33
-- Versión del servidor: 5.7.17-log
-- Versión de PHP: 5.6.30

SET SQL_MODE = "NO_AUTO_VALUE_ON_ZERO";
SET time_zone = "+00:00";


/*!40101 SET @OLD_CHARACTER_SET_CLIENT=@@CHARACTER_SET_CLIENT */;
/*!40101 SET @OLD_CHARACTER_SET_RESULTS=@@CHARACTER_SET_RESULTS */;
/*!40101 SET @OLD_COLLATION_CONNECTION=@@COLLATION_CONNECTION */;
/*!40101 SET NAMES utf8mb4 */;

--
-- Base de datos: `dbsistema`
--

-- --------------------------------------------------------

--
-- Estructura de tabla para la tabla `articulo`
--

CREATE TABLE `articulo` (
  `idarticulo` int(11) NOT NULL,
  `idcategoria` int(11) NOT NULL,
  `codigo` varchar(10) DEFAULT NULL,
  `nombre` varchar(100) NOT NULL,
  `stock` int(11) NOT NULL,
  `descripcion` varchar(256) DEFAULT NULL,
  `imagen` varchar(50) DEFAULT NULL,
  `precio_compra` decimal(4,2) DEFAULT NULL,
  `porcentaje` decimal(4,2) DEFAULT NULL,
  `precio_venta` decimal(4,2) DEFAULT NULL,
  `condicion` tinyint(1) NOT NULL DEFAULT '1'
) ENGINE=InnoDB DEFAULT CHARSET=latin1;

--
-- Volcado de datos para la tabla `articulo`
--

INSERT INTO `articulo` (`idarticulo`, `idcategoria`, `codigo`, `nombre`, `stock`, `descripcion`, `imagen`, `precio_compra`, `porcentaje`, `precio_venta`, `condicion`) VALUES
(1, 4, '1234', 'ALGATEC DE 10 KG. L06', 0, 'ALGATEC DE 10 KG. L06', '1532452147.jpeg', '14.00', '30.00', '18.20', 1),
(2, 1, 'VECY01', 'Taller JAVASCRIPT', 1, '', '1532452846.png', '12.00', '30.00', '15.60', 0);

-- --------------------------------------------------------

--
-- Estructura de tabla para la tabla `categoria`
--

CREATE TABLE `categoria` (
  `idcategoria` int(11) NOT NULL,
  `nombre` varchar(50) NOT NULL,
  `descripcion` varchar(256) DEFAULT NULL,
  `condicion` tinyint(1) NOT NULL DEFAULT '1'
) ENGINE=InnoDB DEFAULT CHARSET=latin1;

--
-- Volcado de datos para la tabla `categoria`
--

INSERT INTO `categoria` (`idcategoria`, `nombre`, `descripcion`, `condicion`) VALUES
(1, 'HERBICIDAS', 'HERBICIDAS', 1),
(2, 'FUNGICIDAS', 'FUNGICIDAS', 1),
(3, 'INSECTICIDAS', 'INSECTICIDAS', 1),
(4, 'FERTILIZANTES FOLIARES', 'FERTILIZANTES FOLIARES', 1),
(5, 'FERTILIZANTES EDIFICIOS', 'FERTILIZANTES EDIFICIOS', 1);

-- --------------------------------------------------------

--
-- Estructura de tabla para la tabla `detalle_ingreso`
--

CREATE TABLE `detalle_ingreso` (
  `iddetalle_ingreso` int(11) NOT NULL,
  `idingreso` int(11) NOT NULL,
  `idarticulo` int(11) NOT NULL,
  `cantidad` int(11) NOT NULL,
  `precio_compra` decimal(4,2) NOT NULL
) ENGINE=InnoDB DEFAULT CHARSET=latin1;

--
-- Disparadores `detalle_ingreso`
--
DELIMITER $$
CREATE TRIGGER `tr_updStockIngreso` AFTER INSERT ON `detalle_ingreso` FOR EACH ROW BEGIN
 UPDATE articulo SET stock = stock + NEW.cantidad 
 WHERE articulo.idarticulo = NEW.idarticulo;
END
$$
DELIMITER ;

-- --------------------------------------------------------

--
-- Estructura de tabla para la tabla `detalle_venta`
--

CREATE TABLE `detalle_venta` (
  `iddetalle_venta` int(11) NOT NULL,
  `idventa` int(11) NOT NULL,
  `idarticulo` int(11) NOT NULL,
  `cantidad` int(11) NOT NULL,
  `precio_venta` decimal(11,2) NOT NULL,
  `descuento` decimal(11,2) NOT NULL
) ENGINE=InnoDB DEFAULT CHARSET=latin1;

--
-- Volcado de datos para la tabla `detalle_venta`
--

INSERT INTO `detalle_venta` (`iddetalle_venta`, `idventa`, `idarticulo`, `cantidad`, `precio_venta`, `descuento`) VALUES
(1, 3, 1, 1, '20.00', '0.00');

--
-- Disparadores `detalle_venta`
--
DELIMITER $$
CREATE TRIGGER `tr_updStockVenta` AFTER INSERT ON `detalle_venta` FOR EACH ROW BEGIN
 UPDATE articulo SET stock = stock - NEW.cantidad 
 WHERE articulo.idarticulo = NEW.idarticulo;
END
$$
DELIMITER ;

-- --------------------------------------------------------

--
-- Estructura de tabla para la tabla `ingreso`
--

CREATE TABLE `ingreso` (
  `idingreso` int(11) NOT NULL,
  `idproveedor` int(11) NOT NULL,
  `idusuario` int(11) NOT NULL,
  `tipo_comprobante` varchar(20) NOT NULL,
  `serie_comprobante` varchar(7) DEFAULT NULL,
  `num_comprobante` varchar(10) NOT NULL,
  `fecha_hora` datetime NOT NULL,
  `impuesto` decimal(4,2) NOT NULL,
  `total_compra` decimal(6,2) NOT NULL,
  `estado` varchar(20) NOT NULL
) ENGINE=InnoDB DEFAULT CHARSET=latin1;

-- --------------------------------------------------------

--
-- Estructura de tabla para la tabla `permiso`
--

CREATE TABLE `permiso` (
  `idpermiso` int(11) NOT NULL,
  `nombre` varchar(30) NOT NULL
) ENGINE=InnoDB DEFAULT CHARSET=latin1;

--
-- Volcado de datos para la tabla `permiso`
--

INSERT INTO `permiso` (`idpermiso`, `nombre`) VALUES
(1, 'Escritorio'),
(2, 'Almacen'),
(3, 'Compras'),
(4, 'Ventas'),
(5, 'Acceso'),
(6, 'Consulta Compras'),
(7, 'Consulta Ventas');

-- --------------------------------------------------------

--
-- Estructura de tabla para la tabla `persona`
--

CREATE TABLE `persona` (
  `idpersona` int(11) NOT NULL,
  `tipo_persona` varchar(20) NOT NULL,
  `nombre` varchar(100) NOT NULL,
  `tipo_documento` varchar(20) DEFAULT NULL,
  `num_documento` varchar(20) DEFAULT NULL,
  `direccion` varchar(70) DEFAULT NULL,
  `telefono` varchar(20) DEFAULT NULL,
  `email` varchar(50) DEFAULT NULL
) ENGINE=InnoDB DEFAULT CHARSET=latin1;

--
-- Volcado de datos para la tabla `persona`
--

INSERT INTO `persona` (`idpersona`, `tipo_persona`, `nombre`, `tipo_documento`, `num_documento`, `direccion`, `telefono`, `email`) VALUES
(1, 'Proveedor', 'Prueba', 'RUC', '', '', '', ''),
(2, 'Cliente', 'MARIO ALBERTO LOPEZ ZAMORA', 'CEDULA', '1716103401', 'FLAVIO ALFARO', '0983376472', 'mallopez@hotmail.es');

-- --------------------------------------------------------

--
-- Estructura de tabla para la tabla `usuario`
--

CREATE TABLE `usuario` (
  `idusuario` int(11) NOT NULL,
  `nombre` varchar(100) NOT NULL,
  `tipo_documento` varchar(20) NOT NULL,
  `num_documento` varchar(20) NOT NULL,
  `direccion` varchar(70) DEFAULT NULL,
  `telefono` varchar(20) DEFAULT NULL,
  `email` varchar(50) DEFAULT NULL,
  `cargo` varchar(20) DEFAULT NULL,
  `login` varchar(20) NOT NULL,
  `clave` varchar(64) NOT NULL,
  `imagen` varchar(50) NOT NULL,
  `condicion` tinyint(1) NOT NULL DEFAULT '1'
) ENGINE=InnoDB DEFAULT CHARSET=latin1;

--
-- Volcado de datos para la tabla `usuario`
--

INSERT INTO `usuario` (`idusuario`, `nombre`, `tipo_documento`, `num_documento`, `direccion`, `telefono`, `email`, `cargo`, `login`, `clave`, `imagen`, `condicion`) VALUES
(1, 'MARIO ALBERTO LOPEZ', 'CEDULA', '1716103401', 'FLAVIO ALFARO', '0983376472', 'mallopez@hotmail.es', 'programador', 'mlopez', 'neme23sis', '1524250088.jpg', 1),
(2, 'diego', 'CEDULA', '1311357691', 'LA CODICIA', '0986118631', 'madoarme@hotmail.com', 'ADMINISTRADOR', 'diego', 'diego123', '1532372459.jpeg', 1);

-- --------------------------------------------------------

--
-- Estructura de tabla para la tabla `usuario_permiso`
--

CREATE TABLE `usuario_permiso` (
  `idusuario_permiso` int(11) NOT NULL,
  `idusuario` int(11) NOT NULL,
  `idpermiso` int(11) NOT NULL
) ENGINE=InnoDB DEFAULT CHARSET=latin1;

--
-- Volcado de datos para la tabla `usuario_permiso`
--

INSERT INTO `usuario_permiso` (`idusuario_permiso`, `idusuario`, `idpermiso`) VALUES
(128, 1, 1),
(129, 1, 2),
(130, 1, 3),
(131, 1, 4),
(132, 1, 5),
(133, 1, 6),
(134, 1, 7),
(135, 2, 1),
(136, 2, 2),
(137, 2, 3),
(138, 2, 4),
(139, 2, 6),
(140, 2, 7);

-- --------------------------------------------------------

--
-- Estructura de tabla para la tabla `venta`
--

CREATE TABLE `venta` (
  `idventa` int(11) NOT NULL,
  `idcliente` int(11) NOT NULL,
  `idusuario` int(11) NOT NULL,
  `tipo_comprobante` varchar(20) NOT NULL,
  `serie_comprobante` varchar(7) DEFAULT NULL,
  `num_comprobante` varchar(10) NOT NULL,
  `fecha_hora` datetime NOT NULL,
  `impuesto` decimal(4,2) NOT NULL,
  `total_venta` decimal(11,2) NOT NULL,
  `estado` varchar(20) NOT NULL
) ENGINE=InnoDB DEFAULT CHARSET=latin1;

--
-- Volcado de datos para la tabla `venta`
--

INSERT INTO `venta` (`idventa`, `idcliente`, `idusuario`, `tipo_comprobante`, `serie_comprobante`, `num_comprobante`, `fecha_hora`, `impuesto`, `total_venta`, `estado`) VALUES
(3, 2, 1, 'Ticket', '001', '001', '2018-07-23 00:00:00', '0.00', '20.00', 'Aceptado');

--
-- Índices para tablas volcadas
--

--
-- Indices de la tabla `articulo`
--
ALTER TABLE `articulo`
  ADD PRIMARY KEY (`idarticulo`),
  ADD UNIQUE KEY `nombre_UNIQUE` (`nombre`),
  ADD KEY `fk_articulo_categoria_idx` (`idcategoria`);

--
-- Indices de la tabla `categoria`
--
ALTER TABLE `categoria`
  ADD PRIMARY KEY (`idcategoria`),
  ADD UNIQUE KEY `nombre_UNIQUE` (`nombre`);

--
-- Indices de la tabla `detalle_ingreso`
--
ALTER TABLE `detalle_ingreso`
  ADD PRIMARY KEY (`iddetalle_ingreso`),
  ADD KEY `fk_detalle_ingreso_ingreso_idx` (`idingreso`),
  ADD KEY `fk_detalle_ingreso_articulo_idx` (`idarticulo`);

--
-- Indices de la tabla `detalle_venta`
--
ALTER TABLE `detalle_venta`
  ADD PRIMARY KEY (`iddetalle_venta`),
  ADD KEY `fk_detalle_venta_venta_idx` (`idventa`),
  ADD KEY `fk_detalle_venta_articulo_idx` (`idarticulo`);

--
-- Indices de la tabla `ingreso`
--
ALTER TABLE `ingreso`
  ADD PRIMARY KEY (`idingreso`),
  ADD KEY `fk_ingreso_persona_idx` (`idproveedor`),
  ADD KEY `fk_ingreso_usuario_idx` (`idusuario`);

--
-- Indices de la tabla `permiso`
--
ALTER TABLE `permiso`
  ADD PRIMARY KEY (`idpermiso`);

--
-- Indices de la tabla `persona`
--
ALTER TABLE `persona`
  ADD PRIMARY KEY (`idpersona`);

--
-- Indices de la tabla `usuario`
--
ALTER TABLE `usuario`
  ADD PRIMARY KEY (`idusuario`),
  ADD UNIQUE KEY `login_UNIQUE` (`login`);

--
-- Indices de la tabla `usuario_permiso`
--
ALTER TABLE `usuario_permiso`
  ADD PRIMARY KEY (`idusuario_permiso`),
  ADD KEY `fk_usuario_permiso_permiso_idx` (`idpermiso`),
  ADD KEY `fk_usuario_permiso_usuario_idx` (`idusuario`);

--
-- Indices de la tabla `venta`
--
ALTER TABLE `venta`
  ADD PRIMARY KEY (`idventa`),
  ADD KEY `fk_venta_persona_idx` (`idcliente`),
  ADD KEY `fk_venta_usuario_idx` (`idusuario`);

--
-- AUTO_INCREMENT de las tablas volcadas
--

--
-- AUTO_INCREMENT de la tabla `articulo`
--
ALTER TABLE `articulo`
  MODIFY `idarticulo` int(11) NOT NULL AUTO_INCREMENT, AUTO_INCREMENT=3;
--
-- AUTO_INCREMENT de la tabla `categoria`
--
ALTER TABLE `categoria`
  MODIFY `idcategoria` int(11) NOT NULL AUTO_INCREMENT, AUTO_INCREMENT=6;
--
-- AUTO_INCREMENT de la tabla `detalle_ingreso`
--
ALTER TABLE `detalle_ingreso`
  MODIFY `iddetalle_ingreso` int(11) NOT NULL AUTO_INCREMENT;
--
-- AUTO_INCREMENT de la tabla `detalle_venta`
--
ALTER TABLE `detalle_venta`
  MODIFY `iddetalle_venta` int(11) NOT NULL AUTO_INCREMENT, AUTO_INCREMENT=2;
--
-- AUTO_INCREMENT de la tabla `ingreso`
--
ALTER TABLE `ingreso`
  MODIFY `idingreso` int(11) NOT NULL AUTO_INCREMENT;
--
-- AUTO_INCREMENT de la tabla `permiso`
--
ALTER TABLE `permiso`
  MODIFY `idpermiso` int(11) NOT NULL AUTO_INCREMENT, AUTO_INCREMENT=8;
--
-- AUTO_INCREMENT de la tabla `persona`
--
ALTER TABLE `persona`
  MODIFY `idpersona` int(11) NOT NULL AUTO_INCREMENT, AUTO_INCREMENT=3;
--
-- AUTO_INCREMENT de la tabla `usuario`
--
ALTER TABLE `usuario`
  MODIFY `idusuario` int(11) NOT NULL AUTO_INCREMENT, AUTO_INCREMENT=3;
--
-- AUTO_INCREMENT de la tabla `usuario_permiso`
--
ALTER TABLE `usuario_permiso`
  MODIFY `idusuario_permiso` int(11) NOT NULL AUTO_INCREMENT, AUTO_INCREMENT=141;
--
-- AUTO_INCREMENT de la tabla `venta`
--
ALTER TABLE `venta`
  MODIFY `idventa` int(11) NOT NULL AUTO_INCREMENT, AUTO_INCREMENT=4;
--
-- Restricciones para tablas volcadas
--

--
-- Filtros para la tabla `articulo`
--
ALTER TABLE `articulo`
  ADD CONSTRAINT `fk_articulo_categoria` FOREIGN KEY (`idcategoria`) REFERENCES `categoria` (`idcategoria`) ON DELETE NO ACTION ON UPDATE NO ACTION;

--
-- Filtros para la tabla `detalle_ingreso`
--
ALTER TABLE `detalle_ingreso`
  ADD CONSTRAINT `fk_detalle_ingreso_articulo` FOREIGN KEY (`idarticulo`) REFERENCES `articulo` (`idarticulo`) ON DELETE NO ACTION ON UPDATE NO ACTION,
  ADD CONSTRAINT `fk_detalle_ingreso_ingreso` FOREIGN KEY (`idingreso`) REFERENCES `ingreso` (`idingreso`) ON DELETE NO ACTION ON UPDATE NO ACTION;

--
-- Filtros para la tabla `detalle_venta`
--
ALTER TABLE `detalle_venta`
  ADD CONSTRAINT `fk_detalle_venta_articulo` FOREIGN KEY (`idarticulo`) REFERENCES `articulo` (`idarticulo`) ON DELETE NO ACTION ON UPDATE NO ACTION,
  ADD CONSTRAINT `fk_detalle_venta_venta` FOREIGN KEY (`idventa`) REFERENCES `venta` (`idventa`) ON DELETE NO ACTION ON UPDATE NO ACTION;

--
-- Filtros para la tabla `ingreso`
--
ALTER TABLE `ingreso`
  ADD CONSTRAINT `fk_ingreso_persona` FOREIGN KEY (`idproveedor`) REFERENCES `persona` (`idpersona`) ON DELETE NO ACTION ON UPDATE NO ACTION,
  ADD CONSTRAINT `fk_ingreso_usuario` FOREIGN KEY (`idusuario`) REFERENCES `usuario` (`idusuario`) ON DELETE NO ACTION ON UPDATE NO ACTION;

--
-- Filtros para la tabla `usuario_permiso`
--
ALTER TABLE `usuario_permiso`
  ADD CONSTRAINT `fk_usuario_permiso_permiso` FOREIGN KEY (`idpermiso`) REFERENCES `permiso` (`idpermiso`) ON DELETE NO ACTION ON UPDATE NO ACTION,
  ADD CONSTRAINT `fk_usuario_permiso_usuario` FOREIGN KEY (`idusuario`) REFERENCES `usuario` (`idusuario`) ON DELETE NO ACTION ON UPDATE NO ACTION;

--
-- Filtros para la tabla `venta`
--
ALTER TABLE `venta`
  ADD CONSTRAINT `fk_venta_persona` FOREIGN KEY (`idcliente`) REFERENCES `persona` (`idpersona`) ON DELETE NO ACTION ON UPDATE NO ACTION,
  ADD CONSTRAINT `fk_venta_usuario` FOREIGN KEY (`idusuario`) REFERENCES `usuario` (`idusuario`) ON DELETE NO ACTION ON UPDATE NO ACTION;

/*!40101 SET CHARACTER_SET_CLIENT=@OLD_CHARACTER_SET_CLIENT */;
/*!40101 SET CHARACTER_SET_RESULTS=@OLD_CHARACTER_SET_RESULTS */;
/*!40101 SET COLLATION_CONNECTION=@OLD_COLLATION_CONNECTION */;
